Policy_Index,Age,Annual_Premium,Sum_Assured,Duration_Inforce_Months,Duration_Inforce_Years,PREM_INC,CLAIMS_OUTGO,PROFIT,NO_POLS_IF,NO_DEATHS,NO_LAPSES,PV,Current_Age,qx,Current_Duration,Annual_Lapse_Rate,Current_Yield,Spot_Rate_NACA
1,35,3600,1000000.0,5,1.4166666666666667,2.6422157105360365E-11,4.615681746194112E-9,-4.589259589088752E-9,8.807385701786788E-14,4.615681746194112E-15,7.538009665535221E-17,-15375.677662379356,117.0,0.59733,10.0,0.01,623,0.1
2,50,5000,1000000.0,10,1.8333333333333335,4.174735345957153E-15,5.250842976739371E-13,-5.2090956232798E-13,1.0019364830297168E-17,5.250842976739371E-19,8.575310709735519E-21,-64706.25342629477,117.0,0.59733,10.0,0.01,623,0.1
3,60,6000,1000000.0,25,3.0833333333333335,1.3411878624266179E-17,1.4057511603162222E-15,-1.392339281691956E-15,2.6823757248532358E-20,1.4057511603162222E-21,2.2957747991482509E-23,-155465.24027320588,117.0,0.59733,10.0,0.01,623,0.1
4,45,400,1000000.0,15,2.25,7.188402338249403E-15,1.1301666094931762E-11,-1.1294477692593512E-11,2.1565207014748207E-16,1.1301666094931762E-17,1.8457093219326258E-19,-69221.55640989567,117.0,0.59733,10.0,0.01,623,0.1
